{
  "model": "glm",
  "round": "4",
  "ckpt": "ethnic_auroc/ckpt_snapshots/glm_round4.pt",
  "input_dim": 10000,
  "use_eth": false,
  "ppr_quantile": 0.8,
  "shared_threshold": 0.5484358060780375,
  "overall_auroc": 0.8394661510118305,
  "overall_auprc": 0.3823718698928088,
  "overall_recall": 0.6369529983792545,
  "recall_white": 0.6442307692307693,
  "recall_minority_pool": 0.5483870967741935,
  "gap_white_minority": 0.09584367245657577,
  "eod_maxmin": 0.19838056680161942,
  "per_group_recall": {
    "white": 0.6442307692307693,
    "black": 0.5510204081632653,
    "hispanic": 0.5384615384615384,
    "asian": 0.7368421052631579,
    "other": 0.6416666666666667
  }
}