{
  "white": {
    "n": 4599,
    "n_positive": 416,
    "TP": 407,
    "FP": 3013,
    "FN": 9,
    "TN": 1170,
    "recall": 0.9783653846153846
  },
  "black": {
    "n": 591,
    "n_positive": 49,
    "TP": 48,
    "FP": 411,
    "FN": 1,
    "TN": 131,
    "recall": 0.9795918367346939
  },
  "hispanic": {
    "n": 216,
    "n_positive": 13,
    "TP": 13,
    "FP": 165,
    "FN": 0,
    "TN": 38,
    "recall": 1.0
  },
  "asian": {
    "n": 158,
    "n_positive": 19,
    "TP": 19,
    "FP": 105,
    "FN": 0,
    "TN": 34,
    "recall": 1.0
  },
  "other": {
    "n": 905,
    "n_positive": 120,
    "TP": 117,
    "FP": 508,
    "FN": 3,
    "TN": 277,
    "recall": 0.975
  }
}