{
  "white": {
    "n": 4599,
    "n_positive": 416,
    "TP": 290,
    "FP": 852,
    "FN": 126,
    "TN": 3331,
    "recall": 0.6971153846153846
  },
  "black": {
    "n": 591,
    "n_positive": 49,
    "TP": 17,
    "FP": 41,
    "FN": 32,
    "TN": 501,
    "recall": 0.3469387755102041
  },
  "hispanic": {
    "n": 216,
    "n_positive": 13,
    "TP": 2,
    "FP": 8,
    "FN": 11,
    "TN": 195,
    "recall": 0.15384615384615385
  },
  "asian": {
    "n": 158,
    "n_positive": 19,
    "TP": 8,
    "FP": 9,
    "FN": 11,
    "TN": 130,
    "recall": 0.42105263157894735
  },
  "other": {
    "n": 905,
    "n_positive": 120,
    "TP": 100,
    "FP": 242,
    "FN": 20,
    "TN": 543,
    "recall": 0.8333333333333334
  }
}