{
  "white": {
    "n": 4599,
    "n_positive": 416,
    "TP": 242,
    "FP": 574,
    "FN": 174,
    "TN": 3609,
    "recall": 0.5817307692307693
  },
  "black": {
    "n": 591,
    "n_positive": 49,
    "TP": 24,
    "FP": 67,
    "FN": 25,
    "TN": 475,
    "recall": 0.4897959183673469
  },
  "hispanic": {
    "n": 216,
    "n_positive": 13,
    "TP": 7,
    "FP": 27,
    "FN": 6,
    "TN": 176,
    "recall": 0.5384615384615384
  },
  "asian": {
    "n": 158,
    "n_positive": 19,
    "TP": 10,
    "FP": 22,
    "FN": 9,
    "TN": 117,
    "recall": 0.5263157894736842
  },
  "other": {
    "n": 905,
    "n_positive": 120,
    "TP": 68,
    "FP": 117,
    "FN": 52,
    "TN": 668,
    "recall": 0.5666666666666667
  }
}