{
  "white": {
    "n": 4599,
    "n_positive": 416,
    "TP": 267,
    "FP": 676,
    "FN": 149,
    "TN": 3507,
    "recall": 0.6418269230769231
  },
  "black": {
    "n": 591,
    "n_positive": 49,
    "TP": 29,
    "FP": 79,
    "FN": 20,
    "TN": 463,
    "recall": 0.5918367346938775
  },
  "hispanic": {
    "n": 216,
    "n_positive": 13,
    "TP": 7,
    "FP": 29,
    "FN": 6,
    "TN": 174,
    "recall": 0.5384615384615384
  },
  "asian": {
    "n": 158,
    "n_positive": 19,
    "TP": 11,
    "FP": 24,
    "FN": 8,
    "TN": 115,
    "recall": 0.5789473684210527
  },
  "other": {
    "n": 905,
    "n_positive": 120,
    "TP": 75,
    "FP": 131,
    "FN": 45,
    "TN": 654,
    "recall": 0.625
  }
}