{
  "white": {
    "n": 4599,
    "n_positive": 416,
    "TP": 329,
    "FP": 1051,
    "FN": 87,
    "TN": 3132,
    "recall": 0.7908653846153846
  },
  "black": {
    "n": 591,
    "n_positive": 49,
    "TP": 35,
    "FP": 139,
    "FN": 14,
    "TN": 403,
    "recall": 0.7142857142857143
  },
  "hispanic": {
    "n": 216,
    "n_positive": 13,
    "TP": 9,
    "FP": 52,
    "FN": 4,
    "TN": 151,
    "recall": 0.6923076923076923
  },
  "asian": {
    "n": 158,
    "n_positive": 19,
    "TP": 17,
    "FP": 43,
    "FN": 2,
    "TN": 96,
    "recall": 0.8947368421052632
  },
  "other": {
    "n": 905,
    "n_positive": 120,
    "TP": 95,
    "FP": 182,
    "FN": 25,
    "TN": 603,
    "recall": 0.7916666666666666
  }
}