{
  "white": {
    "n": 4599,
    "n_positive": 416,
    "TP": 300,
    "FP": 918,
    "FN": 116,
    "TN": 3265,
    "recall": 0.7211538461538461
  },
  "black": {
    "n": 591,
    "n_positive": 49,
    "TP": 18,
    "FP": 44,
    "FN": 31,
    "TN": 498,
    "recall": 0.3673469387755102
  },
  "hispanic": {
    "n": 216,
    "n_positive": 13,
    "TP": 3,
    "FP": 9,
    "FN": 10,
    "TN": 194,
    "recall": 0.23076923076923078
  },
  "asian": {
    "n": 158,
    "n_positive": 19,
    "TP": 8,
    "FP": 11,
    "FN": 11,
    "TN": 128,
    "recall": 0.42105263157894735
  },
  "other": {
    "n": 905,
    "n_positive": 120,
    "TP": 102,
    "FP": 251,
    "FN": 18,
    "TN": 534,
    "recall": 0.85
  }
}