{
  "metric_name": "val_rmse",
  "direction": "lower_is_better",
  "values": [
    {
      "epoch": 1,
      "value": 3.358631490047186
    },
    {
      "epoch": 2,
      "value": 3.152288581888857
    },
    {
      "epoch": 3,
      "value": 2.9744923911701453
    }
  ]
}