{
  "white": {
    "n": 4599,
    "n_positive": 416,
    "TP": 319,
    "FP": 966,
    "FN": 97,
    "TN": 3217,
    "recall": 0.7668269230769231
  },
  "black": {
    "n": 591,
    "n_positive": 49,
    "TP": 29,
    "FP": 80,
    "FN": 20,
    "TN": 462,
    "recall": 0.5918367346938775
  },
  "hispanic": {
    "n": 216,
    "n_positive": 13,
    "TP": 7,
    "FP": 27,
    "FN": 6,
    "TN": 176,
    "recall": 0.5384615384615384
  },
  "asian": {
    "n": 158,
    "n_positive": 19,
    "TP": 17,
    "FP": 39,
    "FN": 2,
    "TN": 100,
    "recall": 0.8947368421052632
  },
  "other": {
    "n": 905,
    "n_positive": 120,
    "TP": 107,
    "FP": 321,
    "FN": 13,
    "TN": 464,
    "recall": 0.8916666666666667
  }
}