{
  "metric_name": "val_auprc",
  "direction": "higher_is_better",
  "values": [
    {
      "epoch": 1,
      "value": 0.21431851930460474
    },
    {
      "epoch": 2,
      "value": 0.22071431492057716
    },
    {
      "epoch": 3,
      "value": 0.2212470257680478
    }
  ]
}