{
  "white": {
    "n": 4599,
    "n_positive": 416,
    "TP": 411,
    "FP": 3153,
    "FN": 5,
    "TN": 1030,
    "recall": 0.9879807692307693
  },
  "black": {
    "n": 591,
    "n_positive": 49,
    "TP": 49,
    "FP": 419,
    "FN": 0,
    "TN": 123,
    "recall": 1.0
  },
  "hispanic": {
    "n": 216,
    "n_positive": 13,
    "TP": 13,
    "FP": 159,
    "FN": 0,
    "TN": 44,
    "recall": 1.0
  },
  "asian": {
    "n": 158,
    "n_positive": 19,
    "TP": 19,
    "FP": 106,
    "FN": 0,
    "TN": 33,
    "recall": 1.0
  },
  "other": {
    "n": 905,
    "n_positive": 120,
    "TP": 118,
    "FP": 544,
    "FN": 2,
    "TN": 241,
    "recall": 0.9833333333333333
  }
}