{
  "metric_name": "equal_opportunity_tpr_gap_at_threshold_0p5",
  "standard_threshold": 0.08,
  "acceptable_threshold": 0.15,
  "direction": "lower_is_better",
  "values": [
    {
      "epoch": 1,
      "value": 0.025000000000000022
    },
    {
      "epoch": 2,
      "value": 0.04166666666666663
    }
  ],
  "min": 0.025000000000000022,
  "max": 0.04166666666666663,
  "mean": 0.033333333333333326,
  "std": 0.008333333333333304,
  "first_value": 0.025000000000000022,
  "final_value": 0.04166666666666663,
  "delta": 0.016666666666666607,
  "tail_mean": 0.033333333333333326,
  "status": "PASS",
  "acceptable_met": true,
  "conclusion": "Equal-opportunity TPR gap (lower is better) went from 0.0250 to 0.0417 over 2 epochs, first reaching the 0.08 standard threshold at epoch 1; tail_mean=0.0333 -> PASS (acceptable_met=True).",
  "original_train_metric_0": {
    "name": "val_auprc",
    "value": 0.33094244744127466,
    "direction": "higher_is_better"
  },
  "original_train_metric_1": {
    "name": "val_loss",
    "value": 1.2309610889508174,
    "direction": "lower_is_better"
  }
}