{
  "model": "glm",
  "round": "3",
  "ckpt": "ethnic_auroc/ckpt_snapshots/glm_round3.pt",
  "input_dim": 10000,
  "use_eth": false,
  "ppr_quantile": 0.8,
  "shared_threshold": 0.4737927803119968,
  "overall_auroc": 0.8386449769628136,
  "overall_auprc": 0.37927559770885466,
  "overall_recall": 0.6094003241491086,
  "recall_white": 0.6274038461538461,
  "recall_minority_pool": 0.5645161290322581,
  "gap_white_minority": 0.06288771712158803,
  "eod_maxmin": 0.09311740890688258,
  "per_group_recall": {
    "white": 0.6274038461538461,
    "black": 0.5714285714285714,
    "hispanic": 0.5384615384615384,
    "asian": 0.631578947368421,
    "other": 0.5666666666666667
  }
}