{
  "white": {
    "n": 4599,
    "n_positive": 416,
    "TP": 346,
    "FP": 1383,
    "FN": 70,
    "TN": 2800,
    "recall": 0.8317307692307693
  },
  "black": {
    "n": 591,
    "n_positive": 49,
    "TP": 38,
    "FP": 187,
    "FN": 11,
    "TN": 355,
    "recall": 0.7755102040816326
  },
  "hispanic": {
    "n": 216,
    "n_positive": 13,
    "TP": 9,
    "FP": 73,
    "FN": 4,
    "TN": 130,
    "recall": 0.6923076923076923
  },
  "asian": {
    "n": 158,
    "n_positive": 19,
    "TP": 16,
    "FP": 56,
    "FN": 3,
    "TN": 83,
    "recall": 0.8421052631578947
  },
  "other": {
    "n": 905,
    "n_positive": 120,
    "TP": 95,
    "FP": 236,
    "FN": 25,
    "TN": 549,
    "recall": 0.7916666666666666
  }
}