{
  "white": {
    "n": 4599,
    "n_positive": 416,
    "TP": 383,
    "FP": 1786,
    "FN": 33,
    "TN": 2397,
    "recall": 0.9206730769230769
  },
  "black": {
    "n": 591,
    "n_positive": 49,
    "TP": 42,
    "FP": 242,
    "FN": 7,
    "TN": 300,
    "recall": 0.8571428571428571
  },
  "hispanic": {
    "n": 216,
    "n_positive": 13,
    "TP": 10,
    "FP": 88,
    "FN": 3,
    "TN": 115,
    "recall": 0.7692307692307693
  },
  "asian": {
    "n": 158,
    "n_positive": 19,
    "TP": 17,
    "FP": 65,
    "FN": 2,
    "TN": 74,
    "recall": 0.8947368421052632
  },
  "other": {
    "n": 905,
    "n_positive": 120,
    "TP": 110,
    "FP": 326,
    "FN": 10,
    "TN": 459,
    "recall": 0.9166666666666666
  }
}