{
  "white": {
    "n": 4599,
    "n_positive": 416,
    "TP": 249,
    "FP": 600,
    "FN": 167,
    "TN": 3583,
    "recall": 0.5985576923076923
  },
  "black": {
    "n": 591,
    "n_positive": 49,
    "TP": 25,
    "FP": 70,
    "FN": 24,
    "TN": 472,
    "recall": 0.5102040816326531
  },
  "hispanic": {
    "n": 216,
    "n_positive": 13,
    "TP": 7,
    "FP": 28,
    "FN": 6,
    "TN": 175,
    "recall": 0.5384615384615384
  },
  "asian": {
    "n": 158,
    "n_positive": 19,
    "TP": 10,
    "FP": 23,
    "FN": 9,
    "TN": 116,
    "recall": 0.5263157894736842
  },
  "other": {
    "n": 905,
    "n_positive": 120,
    "TP": 69,
    "FP": 118,
    "FN": 51,
    "TN": 667,
    "recall": 0.575
  }
}