{
  "white": {
    "n": 4599,
    "n_positive": 416,
    "TP": 358,
    "FP": 1461,
    "FN": 58,
    "TN": 2722,
    "recall": 0.8605769230769231
  },
  "black": {
    "n": 591,
    "n_positive": 49,
    "TP": 37,
    "FP": 189,
    "FN": 12,
    "TN": 353,
    "recall": 0.7551020408163265
  },
  "hispanic": {
    "n": 216,
    "n_positive": 13,
    "TP": 8,
    "FP": 69,
    "FN": 5,
    "TN": 134,
    "recall": 0.6153846153846154
  },
  "asian": {
    "n": 158,
    "n_positive": 19,
    "TP": 17,
    "FP": 55,
    "FN": 2,
    "TN": 84,
    "recall": 0.8947368421052632
  },
  "other": {
    "n": 905,
    "n_positive": 120,
    "TP": 105,
    "FP": 262,
    "FN": 15,
    "TN": 523,
    "recall": 0.875
  }
}